id;account_id;realm;status;terms_of_service_agreed;public_key_hash;public_key
1;93627;parse system;VALID;true;online;../fake-data/blob/hipster.txt
2;75745;Hong Kong Sri Lanka Rupee;REVOKED;false;Personal Loan Account;../fake-data/blob/hipster.txt
3;26296;Arizona Awesome Wooden Pants;REVOKED;false;Configuration Fantastic;../fake-data/blob/hipster.txt
4;5130;bandwidth Computers;VALID;true;connect Cambridgeshire;../fake-data/blob/hipster.txt
5;33786;Synergized;VALID;true;Personal Loan Account Money Market Account Integration;../fake-data/blob/hipster.txt
6;6252;transmitting homogeneous directional;DEACTIVATED;false;Mali Path;../fake-data/blob/hipster.txt
7;38675;Kwacha;VALID;false;throughput application;../fake-data/blob/hipster.txt
8;80242;Granite TCP front-end;VALID;true;CSS partnerships Philippines;../fake-data/blob/hipster.txt
9;65703;Accounts initiatives;VALID;false;unleash Officer bandwidth;../fake-data/blob/hipster.txt
10;5963;synthesize capacity Saudi Riyal;REVOKED;true;EXE Research bypass;../fake-data/blob/hipster.txt
