id;csr_base_64;requested_on;status;process_instance_id;signing_algorithm;is_csr_valid;x_509_key_spec;public_key_algorithm;public_key_hash;subject_public_key_info_base_64
1;../fake-data/blob/hipster.txt;2019-10-30;Directives application Home Loan Account;Dam;Practical Fresh Pants;true;alarm;Tasty Metal Bacon;red Chips Soap;../fake-data/blob/hipster.txt
2;../fake-data/blob/hipster.txt;2019-10-30;Albania web-readiness;Namibia;Steel zero administration;false;Common;Savings Account syndicate Planner;Refined Rubber Chicken Table;../fake-data/blob/hipster.txt
3;../fake-data/blob/hipster.txt;2019-10-30;Factors;South Dakota envisioneer Music;Nakfa;false;Rubber Buckinghamshire Games;incentivize Tuna copy;Costa Rica Mayotte;../fake-data/blob/hipster.txt
4;../fake-data/blob/hipster.txt;2019-10-30;Facilitator;Views e-enable Communications;National Awesome sky blue;false;software scale interactive;Louisiana Specialist Home Loan Account;Plastic;../fake-data/blob/hipster.txt
5;../fake-data/blob/hipster.txt;2019-10-29;Small;deliverables reinvent 24 hour;overriding;true;application quantify Unbranded Plastic Tuna;Internal;Investment Account archive Fantastic Plastic Chicken;../fake-data/blob/hipster.txt
6;../fake-data/blob/hipster.txt;2019-10-30;pixel withdrawal;Mississippi embrace Developer;synthesize Idaho compress;false;Poland;Small partnerships;Outdoors;../fake-data/blob/hipster.txt
7;../fake-data/blob/hipster.txt;2019-10-30;knowledge base Buckinghamshire;Concrete Investment Account Saint Lucia;User-centric;false;neutral Salad;Auto Loan Account modular Refined;digital maroon;../fake-data/blob/hipster.txt
8;../fake-data/blob/hipster.txt;2019-10-29;Ghana back-end National;Direct;Profit-focused;false;copying;ability Hat Iraq;magenta Concrete;../fake-data/blob/hipster.txt
9;../fake-data/blob/hipster.txt;2019-10-30;Directives;sky blue;Kenyan Shilling robust;true;Functionality;Moroccan Dirham;capability zero tolerance Computers;../fake-data/blob/hipster.txt
10;../fake-data/blob/hipster.txt;2019-10-30;Berkshire Small Plastic Pants Investor;Canadian Dollar;Berkshire Designer;false;Bulgarian Lev navigate;Re-contextualized;web-enabled invoice withdrawal;../fake-data/blob/hipster.txt
